{"initial_reset_timestamp": 1056613.577899152, "timestamps": [1056614.650529366], "episode_lengths": [500], "episode_rewards": [500.0], "episode_types": ["t"]}