{"initial_reset_timestamp": 1070882.91967546, "timestamps": [1070883.997063383], "episode_lengths": [500], "episode_rewards": [500.0], "episode_types": ["t"]}