{"initial_reset_timestamp": 1042730.844470739, "timestamps": [1042731.519490876], "episode_lengths": [137], "episode_rewards": [137.0], "episode_types": ["t"]}