{"initial_reset_timestamp": 1076794.273968338, "timestamps": [1076795.361278978], "episode_lengths": [500], "episode_rewards": [500.0], "episode_types": ["t"]}