{"initial_reset_timestamp": 1083621.863688642, "timestamps": [1083622.306328977], "episode_lengths": [200], "episode_rewards": [200.0], "episode_types": ["t"]}