{"initial_reset_timestamp": 1056639.245572952, "timestamps": [1056640.328857696], "episode_lengths": [500], "episode_rewards": [500.0], "episode_types": ["t"]}