{"initial_reset_timestamp": 1085700.828934909, "timestamps": [1085701.562220828], "episode_lengths": [500], "episode_rewards": [500.0], "episode_types": ["t"]}