{"initial_reset_timestamp": 1042763.272014146, "timestamps": [1042763.967789315], "episode_lengths": [149], "episode_rewards": [149.0], "episode_types": ["t"]}