{"initial_reset_timestamp": 1042778.370249571, "timestamps": [1042778.958343205], "episode_lengths": [145], "episode_rewards": [145.0], "episode_types": ["t"]}