{"initial_reset_timestamp": 1042711.691966745, "timestamps": [1042712.280858933], "episode_lengths": [136], "episode_rewards": [136.0], "episode_types": ["t"]}