{"initial_reset_timestamp": 1082109.483728523, "timestamps": [1082110.161685148], "episode_lengths": [200], "episode_rewards": [200.0], "episode_types": ["t"]}