{"initial_reset_timestamp": 1049217.517973627, "timestamps": [1049218.262561056], "episode_lengths": [200], "episode_rewards": [200.0], "episode_types": ["t"]}