{"initial_reset_timestamp": 1087487.332056702, "timestamps": [1087488.119060325], "episode_lengths": [500], "episode_rewards": [500.0], "episode_types": ["t"]}