{"initial_reset_timestamp": 1056359.04302143, "timestamps": [1056359.790591793], "episode_lengths": [200], "episode_rewards": [200.0], "episode_types": ["t"]}