{"initial_reset_timestamp": 1056225.080597524, "timestamps": [1056236.992011815], "episode_lengths": [200], "episode_rewards": [200.0], "episode_types": ["t"]}