{"initial_reset_timestamp": 1083165.676396048, "timestamps": [1083166.405873668], "episode_lengths": [200], "episode_rewards": [200.0], "episode_types": ["t"]}