{"initial_reset_timestamp": 1085782.234910418, "timestamps": [1085782.970864054], "episode_lengths": [500], "episode_rewards": [500.0], "episode_types": ["t"]}