{"initial_reset_timestamp": 1070850.45293999, "timestamps": [1070851.554426347], "episode_lengths": [500], "episode_rewards": [500.0], "episode_types": ["t"]}