{"initial_reset_timestamp": 1042767.854590642, "timestamps": [1042768.200930577], "episode_lengths": [141], "episode_rewards": [141.0], "episode_types": ["t"]}