{"initial_reset_timestamp": 1056048.292804344, "timestamps": [1056049.043872557], "episode_lengths": [200], "episode_rewards": [200.0], "episode_types": ["t"]}