{"initial_reset_timestamp": 1055961.106744297, "timestamps": [1055961.859262868], "episode_lengths": [200], "episode_rewards": [200.0], "episode_types": ["t"]}