{"initial_reset_timestamp": 1056391.823614896, "timestamps": [1056403.40778756], "episode_lengths": [200], "episode_rewards": [200.0], "episode_types": ["t"]}