{"initial_reset_timestamp": 1056257.873937989, "timestamps": [1056258.728663704], "episode_lengths": [200], "episode_rewards": [200.0], "episode_types": ["t"]}